<?xml version="1.0" encoding="UTF-8"?>
<project-private xmlns="http://www.netbeans.org/ns/project-private/1">
    <editor-bookmarks xmlns="http://www.netbeans.org/ns/editor-bookmarks/2" lastBookmarkId="0"/>
    <open-files xmlns="http://www.netbeans.org/ns/projectui-open-files/2">
        <group>
            <file>file:/H:/MagazineEJB_JPA/myblog/src/java/session/AbstractFacade.java</file>
            <file>file:/H:/MagazineEJB_JPA/myblog/src/java/controller/WebController.java</file>
            <file>file:/H:/MagazineEJB_JPA/myblog/src/java/entity/Articles.java</file>
            <file>file:/H:/MagazineEJB_JPA/myblog/web/index.jsp</file>
            <file>file:/H:/MagazineEJB_JPA/myblog/src/java/session/ArticlesFacade.java</file>
        </group>
    </open-files>
</project-private>
